mpg,wt,mpg_wt,cyl
21,2.62,55.02,6
21,2.875,60.375,6
22.8,2.32,52.896,4
21.4,3.215,68.80099999999999,6
18.7,3.44,64.328,8
18.1,3.46,62.626000000000005,6
14.3,3.57,51.051,8
24.4,3.19,77.836,4
22.8,3.15,71.82,4
19.2,3.44,66.048,6
17.8,3.44,61.232,6
16.4,4.07,66.748,8
17.3,3.73,64.529,8
15.2,3.78,57.455999999999996,8
10.4,5.25,54.6,8
10.4,5.424,56.409600000000005,8
14.7,5.345,78.57149999999999,8
21.5,2.465,52.997499999999995,4
15.5,3.52,54.56,8
15.2,3.435,52.211999999999996,8
13.3,3.84,51.072,8
19.2,3.845,73.824,8
27.3,1.935,52.825500000000005,4
26,2.14,55.64,4
15.8,3.17,50.086,8
19.7,2.77,54.568999999999996,6
15,3.57,53.55,8
21.4,2.78,59.49199999999999,4
